City,Country,Date,Latitude,Longitude,Cloudiness,Humidity,Max Temp,Wind Speed
Bismarck,US,1613074880,46.8083,-100.7837,90,54,-7.6,11.5
Bredasdorp,ZA,1613074880,-34.5322,20.0403,100,88,71.6,8.05
Faanui,PF,1613074880,-16.4833,-151.75,0,72,81.86,16.26
Flinders,AU,1613074880,-34.5833,150.8552,100,88,69.01,1.01
Bluff,NZ,1613074848,-46.6,168.3333,38,78,51.91,10.38
Trelew,AR,1613074881,-43.249,-65.3051,53,18,95.29,29.37
Dikson,RU,1613074881,73.5069,80.5464,100,89,-16.28,4.29
New Norfolk,AU,1613074881,-42.7826,147.0587,16,66,62.01,3.0
Diamantino,BR,1613074881,-14.4086,-56.4461,100,85,79.11,5.97
Hermanus,ZA,1613074882,-34.4187,19.2345,16,84,73.99,1.99
Erenhot,CN,1613074882,43.6475,111.9767,0,83,16.47,3.51
Mackay,AU,1613074882,-21.15,149.2,40,69,77.0,8.05
Port Moresby,PG,1613074882,-9.4431,147.1797,40,94,75.2,5.75
Cidreira,BR,1613074882,-30.1811,-50.2056,83,76,76.71,16.17
Saint George,US,1613074634,37.1041,-113.5841,1,35,62.01,3.53
Puerto Ayora,EC,1613074883,-0.7393,-90.3518,75,83,78.8,6.91
Cherskiy,RU,1613074883,68.75,161.3,0,87,-23.84,0.72
Jamestown,US,1613074836,42.097,-79.2353,40,54,26.01,8.05
Mataura,NZ,1613074884,-46.1927,168.8643,1,68,49.62,1.97
Ust'-Ordynskiy,RU,1613074884,52.805,104.7508,90,85,3.2,11.18
Hithadhoo,MV,1613074884,-0.6,73.0833,2,79,81.48,13.62
Port Alfred,ZA,1613074884,-33.5906,26.891,48,94,72.0,5.01
Matadi,CD,1613074878,-5.8167,13.45,100,88,78.15,5.41
Provideniya,RU,1613074885,64.3833,-173.3,0,64,-7.6,24.61
Leningradskiy,RU,1613074885,69.3833,178.4167,100,86,-16.92,11.68
Tabou,CI,1613074885,4.423,-7.3528,100,87,79.25,5.82
Hofn,IS,1613074885,64.2539,-15.2082,100,72,39.87,18.03
Albany,US,1613074885,42.6001,-73.9662,75,41,28.99,1.01
Ushuaia,AR,1613074720,-54.8,-68.3,75,82,51.8,12.66
Bowen,AU,1613074886,-20.0167,148.2333,80,94,71.6,5.75
Klaksvík,FO,1613074886,62.2266,-6.589,20,93,32.0,5.75
College,US,1613074886,64.8569,-147.8028,75,66,12.0,4.61
Mīzan Teferī,ET,1613074886,6.9833,35.5833,72,39,70.9,1.05
Haines Junction,CA,1613074886,60.7522,-137.5108,0,52,-20.2,1.39
Hobart,AU,1613074742,-42.8794,147.3294,20,48,64.4,26.46
Vao,NC,1613074887,-22.6667,167.4833,5,82,76.15,7.7
Bielsk Podlaski,PL,1613074887,52.7651,23.1865,100,85,9.0,4.0
Kyakhta,RU,1613074887,50.3508,106.4494,100,91,1.85,1.7
Kapaa,US,1613074887,22.0752,-159.319,75,60,73.4,8.05
São Filipe,CV,1613074888,14.8961,-24.4956,0,68,72.77,9.08
Yellowknife,CA,1613074888,62.456,-114.3525,20,77,-5.01,13.8
Mar del Plata,AR,1613074809,-38.0023,-57.5575,90,88,71.6,16.11
Busselton,AU,1613074624,-33.65,115.3333,0,95,48.99,9.51
San Patricio,US,1613074889,28.017,-97.5169,90,100,42.8,17.27
Norman Wells,CA,1613074889,65.282,-126.8329,20,71,-2.2,9.22
Waipawa,NZ,1613074889,-41.4122,175.5153,90,94,59.0,24.16
Salalah,OM,1613074889,17.0151,54.0924,0,56,71.6,2.3
Bakel,SN,1613074889,14.905,-12.4568,97,11,88.95,7.67
East London,ZA,1613074889,-33.0153,27.9116,1,83,76.28,18.21
Maniitsoq,GL,1613074890,65.4167,-52.9,38,89,10.49,10.45
Lavrentiya,RU,1613074890,65.5833,-171.0,0,80,-25.08,10.2
Butaritari,KI,1613074890,3.0707,172.7902,77,78,81.36,15.28
Rikitea,PF,1613074890,-23.1203,-134.9692,99,71,78.82,9.13
Susuman,RU,1613074890,62.7833,148.1667,98,80,-2.02,0.63
Nome,US,1613074890,64.5011,-165.4064,90,43,5.0,17.27
Ilulissat,GL,1613074891,69.2167,-51.1,75,67,10.4,17.27
Vila Velha,BR,1613074891,-20.3297,-40.2925,75,74,84.99,9.22
Verkhoyansk,RU,1613074891,67.5447,133.385,89,82,-15.45,1.39
Punta Arenas,CL,1613074720,-53.15,-70.9167,0,41,59.0,25.32
Kaitangata,NZ,1613074891,-46.2817,169.8464,0,69,55.0,8.01
Soyo,AO,1613074891,-6.1349,12.3689,100,81,80.37,8.86
Ocós,GT,1613074892,14.5094,-92.1933,20,55,91.4,17.27
Qaanaaq,GL,1613074892,77.484,-69.3632,0,69,7.12,10.31
Khatanga,RU,1613074892,71.9667,102.5,97,86,-22.94,4.12
Vardø,NO,1613074892,70.3705,31.1107,100,86,17.6,19.57
Alice Springs,AU,1613074892,-23.7,133.8833,30,65,80.6,2.3
Canala,NC,1613074893,-21.5333,165.95,0,94,71.6,5.75
Bathsheba,BB,1613074893,13.2167,-59.5167,40,65,78.8,16.11
Heishan,CN,1613074893,41.6892,122.1128,100,89,34.27,7.29
Totoral,PE,1613074894,-17.4053,-70.365,100,56,66.42,8.34
Sangar,RU,1613074894,63.9242,127.4739,100,94,2.55,1.23
Almaznyy,RU,1613074894,48.0448,40.045,75,100,42.8,13.42
Kununurra,AU,1613074894,-15.7667,128.7333,40,100,78.8,4.74
Airai,TL,1613074894,-8.9266,125.4092,100,100,60.94,1.54
Mujiayingzi,CN,1613074894,42.1167,118.7833,0,88,24.87,6.67
Hilo,US,1613074895,19.7297,-155.09,90,78,72.0,3.44
Kenai,US,1613074895,60.5544,-151.2583,75,74,30.0,17.27
Gombong,ID,1613074895,-7.6072,109.5142,95,87,76.91,1.79
Volot,RU,1613074895,57.9278,30.7025,93,94,1.96,5.75
Mahébourg,MU,1613074895,-20.4081,57.7,20,78,78.8,4.61
Natal,BR,1613074895,-5.795,-35.2094,40,74,84.2,20.71
Taganak,PH,1613074896,6.0833,118.3,20,94,78.01,2.3
Cape Town,ZA,1613074861,-33.9258,18.4232,75,88,73.0,18.41
Saint-Philippe,RE,1613074896,-21.3585,55.7679,0,65,80.6,3.44
Castro,BR,1613074896,-24.7911,-50.0119,90,86,69.57,6.06
Hualmay,PE,1613074896,-11.0964,-77.6139,15,60,78.66,10.07
San Alberto,CO,1613074656,7.7611,-73.3922,40,38,93.58,2.8
Tiznit Province,MA,1613074714,29.5833,-9.5,21,82,58.37,2.89
Veinticinco de Mayo,AR,1613074897,-35.4323,-60.1727,94,44,84.0,4.0
Tuktoyaktuk,CA,1613074897,69.4541,-133.0374,40,77,-11.2,10.36
Dedovichi,RU,1613074897,57.5517,29.9502,95,94,2.3,6.15
Khandyga,RU,1613074897,62.6667,135.6,54,86,3.58,3.89
Severo-Kuril'sk,RU,1613074898,50.6789,156.125,100,91,28.36,9.84
Clyde River,CA,1613074722,70.4692,-68.5914,15,92,6.8,29.93
Prince Rupert,CA,1613074898,54.3161,-130.3201,1,27,21.2,17.27
Purranque,CL,1613074898,-40.9167,-73.1667,40,39,80.6,3.44
Saskylakh,RU,1613074899,71.9167,114.0833,100,86,-14.4,2.51
Hong Kong,HK,1613074828,22.2855,114.1577,0,70,63.0,1.01
Mt. Pleasant,US,1613074899,32.7941,-79.8626,90,94,68.0,3.27
Hirado,JP,1613074899,33.3597,129.5531,100,81,48.0,1.99
Bitam,GA,1613074899,2.076,11.5007,0,79,75.0,5.01
Yangi Marg`ilon,UZ,1613074899,40.4272,71.7189,0,61,48.2,4.61
Tasiilaq,GL,1613074900,65.6145,-37.6368,90,62,17.6,4.61
Krasnosel'kup,RU,1613074900,65.7,82.4667,33,83,-31.77,7.07
Vaini,TO,1613074900,-21.2,-175.2,75,89,82.4,8.05
Chui,UY,1613074900,-33.6971,-53.4616,100,87,72.25,13.96
Lebu,CL,1613074901,-37.6167,-73.65,64,77,64.18,14.03
Laguna,US,1613074901,38.421,-121.4238,1,67,59.0,9.22
Tongchuanshi,CN,1613074901,35.0806,109.0897,0,61,43.0,3.85
Morden,CA,1613074901,49.1919,-98.1014,100,44,-13.0,9.22
Portland,US,1613074887,45.5234,-122.6762,100,75,37.0,5.01
Xam Nua,LA,1613074901,20.4197,104.0439,48,93,53.73,2.08
Yarmouth,US,1613074760,41.7057,-70.2286,20,59,30.2,5.75
Bambous Virieux,MU,1613074902,-20.3428,57.7575,20,78,80.01,4.61
Barrow,US,1613074741,71.2906,-156.7887,1,83,-45.4,12.66
Thompson,CA,1613074902,55.7435,-97.8558,75,69,-20.2,4.61
Vilyuysk,RU,1613074902,63.7553,121.6247,100,87,-19.48,1.52
Wilmington,US,1613074896,34.2257,-77.9447,90,82,63.0,8.05
Kruisfontein,ZA,1613074625,-34.0033,24.7314,100,78,75.99,1.01
Buncrana,IE,1613074903,55.1333,-7.45,75,75,35.6,25.32
Melfi,IT,1613074903,40.9965,15.6514,75,93,42.01,10.36
Kiryat Gat,IL,1613074745,31.61,34.7642,0,88,59.0,2.3
Forsytheganj,BY,1613074903,52.6333,29.7333,100,95,10.11,15.61
Sulangan,PH,1613074904,11.1373,123.7228,33,77,80.92,2.39
Sechura,PE,1613074904,-5.5569,-80.8222,89,60,82.31,17.02
Khovd,MN,1613074904,48.0056,91.6419,1,72,7.86,2.06
Bandarbeyla,SO,1613074904,9.4942,50.8122,72,69,74.41,13.35
Ayorou,NE,1613074904,14.7308,0.9174,0,12,82.58,11.07
Zwedru,LR,1613074904,6.0667,-8.1281,63,71,79.27,6.31
Atuona,PF,1613074905,-9.8,-139.0333,4,76,78.62,10.85
Torbay,CA,1613074905,47.6666,-52.7314,90,86,23.0,33.38
Solnechnyy,RU,1613074905,50.7214,136.6319,13,89,2.64,0.92
Sinnamary,GF,1613074905,5.3833,-52.95,100,81,79.14,13.02
Bubaque,GW,1613074905,11.2833,-15.8333,91,76,77.68,13.24
Kaliua,TZ,1613074906,-5.0606,31.7936,53,93,64.62,2.8
Dāhānu,IN,1613074877,19.9667,72.7333,75,48,72.46,3.4
Nuuk,GL,1613074906,64.1835,-51.7216,75,93,21.2,14.97
Ust-Maya,RU,1613074906,60.4167,134.5333,0,92,7.77,5.68
Kladovo,RS,1613074906,44.6067,22.6119,6,61,24.01,20.74
Bengkulu,ID,1613074907,-3.8004,102.2655,100,86,76.55,4.65
Yulara,AU,1613074907,-25.2406,130.9889,90,100,75.2,10.36
Simao,CN,1613074907,22.7886,100.9748,0,89,49.53,1.9
Salinópolis,BR,1613074907,-0.6136,-47.3561,100,75,82.6,11.12
Autazes,BR,1613074907,-3.5797,-59.1306,82,65,86.9,3.58
Caravelas,BR,1613074908,-17.7125,-39.2481,87,70,80.35,7.47
Feijó,BR,1613074908,-8.1642,-70.3536,100,96,75.81,4.47
Perehonivka,UA,1613074908,48.5355,30.5192,100,97,37.13,5.79
Lüderitz,NA,1613074909,-26.6481,15.1594,87,76,68.63,6.26
Tiksi,RU,1613074909,71.6872,128.8694,36,88,-12.19,6.55
Cabo San Lucas,MX,1613074780,22.8909,-109.9124,20,56,73.99,14.97
Avarua,CK,1613074901,-21.2078,-159.775,99,74,84.2,5.75
Areia Branca,BR,1613074909,-4.9561,-37.1369,20,49,95.0,21.85
Los Llanos de Aridane,ES,1613074909,28.6585,-17.9182,20,68,64.4,5.75
Chifeng,CN,1613074910,42.2683,118.9636,0,89,24.96,6.55
Władysławowo,PL,1613074910,54.7909,18.4009,75,63,23.0,9.22
Shubarshi,KZ,1613074910,48.5872,57.1869,100,98,29.57,11.74
Port Hardy,CA,1613074910,50.6996,-127.4199,75,51,33.8,23.02
Port Elizabeth,ZA,1613074862,-33.918,25.5701,75,94,71.6,10.36
Bandundu Province,CD,1613074830,-3.3167,17.3667,16,76,78.51,3.89
Khipro,PK,1613074911,25.8285,69.3772,100,20,69.08,4.76
Baykit,RU,1613074911,61.67,96.37,100,84,-15.57,3.02
Cashel,IE,1613074912,52.5158,-7.8856,100,79,37.0,8.01
Ribeira Grande,PT,1613074912,38.5167,-28.7,75,77,62.6,33.38
Halifax,CA,1613074818,44.6453,-63.5724,20,42,24.01,20.71
Constitución,CL,1613074912,-35.3333,-72.4167,68,73,65.82,7.36
Laas,IT,1613074913,46.6166,10.7002,0,73,39.2,5.75
Mongo,TD,1613074913,12.1844,18.693,12,21,70.52,4.79
Ubari,LY,1613074913,26.5921,12.7805,0,31,58.69,4.52
Thebes,GR,1613074913,38.325,23.3189,20,62,54.0,12.66
Saint-Pierre,RE,1613074914,-21.3393,55.4781,0,65,80.6,3.44
Pevek,RU,1613074914,69.7008,170.3133,9,82,-22.77,3.38
Takaka,NZ,1613074914,-40.85,172.8,0,73,61.0,1.01
Port Lincoln,AU,1613074914,-34.7333,135.8667,63,72,61.23,11.05
Jacksonville,US,1613074650,30.3322,-81.6556,75,65,84.0,6.91
Erzin,TR,1613074621,36.9559,36.2,15,85,60.01,2.48
Fillmore,US,1613074915,43.6666,-92.1002,90,71,1.99,6.91
Juchipila,MX,1613074915,21.4167,-103.1167,0,15,79.14,15.23
Coahuayana Viejo,MX,1613074915,18.7333,-103.6833,40,64,75.2,6.69
Parrita,CR,1613074915,9.5201,-84.3225,0,50,80.6,12.66
Puerto Escondido,MX,1613074915,15.85,-97.0667,1,66,87.8,12.66
Isangel,VU,1613074916,-19.55,169.2667,20,94,78.8,1.25
Sibu,MY,1613074809,2.3,111.8167,40,100,75.2,1.01
Namtsy,RU,1613074916,62.7161,129.6658,0,76,-18.4,4.47
Samarai,PG,1613074916,-10.6167,150.6667,96,74,81.84,6.78
Rognan,NO,1613074916,67.0953,15.3878,100,93,33.01,8.41
Dingli,MT,1613074917,35.8614,14.3822,20,76,57.0,16.11
Avera,US,1613074917,33.194,-82.5271,90,80,66.2,7.72
Aklavik,CA,1613074917,68.2191,-135.0107,20,63,-22.0,12.66
Pointe-Noire,CG,1613074917,-4.7761,11.8635,100,84,80.11,8.25
Mount Gambier,AU,1613074918,-37.8333,140.7667,75,88,55.4,6.91
Palmer,US,1613074918,42.1584,-72.3287,40,46,30.0,17.27
Banda Aceh,ID,1613074918,5.5577,95.3222,0,77,78.67,4.16
Itarema,BR,1613074918,-2.9248,-39.9167,100,74,82.63,15.55
Kaeo,NZ,1613074918,-35.1,173.7833,3,73,63.0,8.01
Novy Urengoy,RU,1613074918,66.0833,76.6333,3,82,-35.68,5.64
George Town,MY,1613074919,5.4112,100.3354,20,89,82.0,4.61
Yershichi,RU,1613074749,53.6725,32.7542,100,95,9.91,11.74
Porto Empedocle,IT,1613074919,37.2934,13.5264,38,80,50.0,12.66
Murray Bridge,AU,1613074919,-35.1167,139.2667,45,86,57.99,1.01
Talnakh,RU,1613074919,69.4865,88.3972,94,88,-15.66,1.45
Arlit,NE,1613074919,18.7369,7.3853,0,15,77.61,8.9
Grand Gaube,MU,1613074920,-20.0064,57.6608,96,66,80.01,8.01
Koulamoutou,GA,1613074920,-1.1303,12.4736,29,89,74.82,1.72
Yatou,CN,1613074920,37.15,122.3833,1,88,38.32,6.58
Karratha,AU,1613074920,-20.7377,116.8463,4,75,81.25,12.91
Chokurdakh,RU,1613074920,70.6333,147.9167,33,82,-19.34,4.16
Rosh Pinna,IL,1613074920,32.9689,35.5426,0,88,57.2,2.3
Porto-Novo,BJ,1613074921,6.4965,2.6036,40,79,86.0,13.8
Krasnyy Chikoy,RU,1613074921,50.3643,108.7512,69,87,-4.38,1.95
Guaca,CO,1613074921,6.8762,-72.8559,40,61,80.6,4.61
Misawa,JP,1613074922,40.6836,141.3597,16,62,26.01,3.0
Saint Paul Harbor,US,1613074922,57.79,-152.4072,90,87,37.4,43.73
Angoram,PG,1613074922,-4.0625,144.0661,100,97,73.02,1.79
Stornoway,GB,1613074922,58.2093,-6.3865,0,69,35.6,12.66
Souillac,MU,1613074922,-20.5167,57.5167,20,78,78.8,4.61
Anito,PH,1613074922,12.4497,125.2886,71,92,75.27,4.52
Boyolangu,ID,1613074923,-8.1181,111.8935,71,85,74.64,1.9
Kuleshovka,RU,1613074923,47.078,39.5579,100,100,44.01,15.99
Pangnirtung,CA,1613074923,66.1451,-65.7125,90,84,-2.2,6.91
Zhangaözen,KZ,1613074864,43.3,52.8,1,72,42.46,14.76
Sabha,LY,1613074698,27.0377,14.4283,0,26,63.9,6.71
Lavaca,US,1613074924,28.615,-96.6261,90,81,42.01,20.71
Iqaluit,CA,1613074823,63.7506,-68.5145,20,71,1.4,13.8
Novoagansk,RU,1613074924,61.9449,76.6625,100,88,-17.27,9.37
Lagoa,PT,1613074924,39.05,-27.9833,100,79,60.3,31.68
Saint-Michel-des-Saints,CA,1613074924,46.6834,-73.9159,26,88,6.01,11.79
Burnie,AU,1613074924,-41.0667,145.9167,36,82,57.83,14.58
Ajdabiya,LY,1613074925,30.7554,20.2263,0,72,60.96,11.3
Ponot,PH,1613074925,8.452,123.0222,43,82,77.36,2.55
Eyl,SO,1613074925,7.9803,49.8164,31,70,73.96,15.97
Novobirilyussy,RU,1613074925,56.9514,90.6661,100,88,-10.03,8.63
Aleksandrov Gay,RU,1613074925,50.147,48.5704,100,98,34.81,7.4
Pisco,PE,1613074926,-13.7,-76.2167,0,65,78.8,10.36
Tres Arroyos,AR,1613074926,-38.3739,-60.2798,68,43,81.66,8.28
Mehamn,NO,1613074926,71.0357,27.8492,75,74,28.4,17.27
Luz,BR,1613074926,-19.8014,-45.6856,100,80,77.22,4.14
Flin Flon,CA,1613074927,54.7682,-101.865,90,63,-20.2,8.05
Alofi,NU,1613074927,-19.0595,-169.9187,40,83,82.4,9.22
Departamento de Maldonado,UY,1613074927,-34.6667,-54.9167,90,88,71.6,12.66
Nizwá,OM,1613074927,22.9333,57.5333,0,39,63.39,5.59
Sola,VU,1613074927,-13.8833,167.55,99,76,82.22,7.36
Hasaki,JP,1613074927,35.7333,140.8333,75,75,35.6,2.3
Bethel,US,1613074888,41.3712,-73.414,20,50,30.99,11.5
Mumford,GH,1613074928,5.2618,-0.759,40,81,82.58,15.46
Arraial do Cabo,BR,1613074928,-22.9661,-42.0278,75,83,77.0,12.66
Luoyang,CN,1613074928,34.6836,112.4536,0,99,50.0,3.18
Lastoursville,GA,1613074929,-0.8143,12.7287,1,89,75.72,2.91
Kavieng,PG,1613074929,-2.5744,150.7967,71,78,81.66,10.51
Gua Musang,MY,1613074929,4.8823,101.9644,74,91,72.21,1.92
Krasnyy Profintern,RU,1613074929,57.7446,40.435,0,77,-9.4,3.15
Havre-St-Pierre,CA,1613074929,50.2334,-63.5986,90,86,15.8,14.97
Bilma,NE,1613074930,18.6853,12.9164,0,21,67.96,2.51
Pimentel,PE,1613074931,-6.8367,-79.9342,0,48,86.0,13.8
Ten'gushevo,RU,1613074931,54.7686,42.7189,96,94,3.31,4.23
Grindavik,IS,1613074931,63.8424,-22.4338,90,81,37.4,18.41
Nanortalik,GL,1613074931,60.1432,-45.2371,100,91,29.34,9.93
Ballina,AU,1613074932,-28.8667,153.5667,56,94,62.6,4.12
Polson,US,1613074932,47.6936,-114.1632,98,47,7.0,6.31
Hai Duong,VN,1613074932,20.9333,106.3167,0,88,64.4,3.44
Woodland,US,1613074704,38.6785,-121.7733,90,71,57.99,12.66
Cockburn Town,TC,1613074932,21.4612,-71.1419,40,61,80.6,13.8
Naxos,GR,1613074933,37.1056,25.3764,0,72,59.0,12.66
Ambilobe,MG,1613074933,-13.2,49.05,100,92,75.13,1.32
Bairiki Village,KI,1613074933,1.3292,172.9752,40,83,80.6,8.05
Indore,IN,1613074933,22.7179,75.8333,91,28,64.56,5.06
Baldeogarh,IN,1613074933,24.755,79.0681,82,36,58.05,3.53
Berbera,SO,1613074934,10.4396,45.0143,23,69,75.29,5.7
Tamiahua,MX,1613074934,21.2667,-97.45,57,79,78.58,7.14
Ozernovskiy,RU,1613074934,51.5,156.5167,100,89,27.16,5.01
Riyadh,SA,1613074822,24.6877,46.7219,0,36,60.8,5.12
Gigmoto,PH,1613074934,13.7796,124.39,38,85,77.83,6.78
Saldanha,ZA,1613074934,-33.0117,17.9442,1,82,66.2,6.91
Longyearbyen,SJ,1613074935,78.2186,15.6401,20,78,1.4,10.36
Champerico,GT,1613074935,14.3,-91.9167,40,55,91.4,9.22
Khilok,RU,1613074935,51.3674,110.4676,14,87,-3.95,6.58
Wewak,PG,1613074935,-3.5534,143.6268,100,86,77.07,3.85
Marabu,MY,1613074935,4.4148,114.0089,40,100,75.2,3.44
Humaitá,BR,1613074935,-7.5061,-63.0208,86,91,77.61,1.99
Upernavik,GL,1613074936,72.7868,-56.1549,75,83,0.37,9.53
Dukat,RU,1613074936,62.55,155.55,1,89,-7.11,4.32
Sioux Lookout,CA,1613074936,50.1001,-91.917,75,53,-14.8,2.3
Fort Nelson,CA,1613074936,58.8053,-122.7002,20,70,-13.0,5.75
Aswān,EG,1613074895,24.0934,32.907,98,21,73.09,8.34
Elko,US,1613074834,41.0002,-115.5012,90,40,50.0,12.66
Poum,NC,1613074937,-20.2333,164.0167,0,75,78.48,11.65
Gambēla,ET,1613074937,8.25,34.5833,17,17,84.49,2.21
Mount Isa,AU,1613074937,-20.7333,139.5,100,74,80.6,4.61
Dunedin,NZ,1613074937,-45.8742,170.5036,0,64,55.0,11.01
Sitka,US,1613074937,57.0531,-135.33,1,34,28.4,10.36
Bouna,CI,1613074938,9.2667,-3.0,0,14,83.35,2.57
Rafai,CF,1613074938,4.95,23.9167,98,24,74.62,1.7
Nadym,RU,1613074938,65.5333,72.5167,100,88,-18.65,9.53
Nuevo Progreso,MX,1613074938,23.1667,-97.95,60,61,84.0,10.0
Touros,BR,1613074939,-5.1989,-35.4608,20,70,84.2,16.11
Praia da Vitória,PT,1613074939,38.7333,-27.0667,40,82,61.0,29.21
Cap-aux-Meules,CA,1613074939,47.3821,-61.8597,100,62,15.8,23.02
Oranjemund,NA,1613074939,-28.55,16.4333,98,80,67.48,6.31
Molokovo,RU,1613074939,58.1661,36.7628,60,92,-5.93,5.08
Sylva,RU,1613074939,58.0348,56.7635,20,83,-16.6,2.24
Henties Bay,NA,1613074940,-22.116,14.2845,96,86,70.0,2.17
Chuguyevka,RU,1613074940,44.1653,133.8633,76,90,20.66,4.25
Port Blair,IN,1613074940,11.6667,92.75,29,70,77.34,7.83
Killorglin,IE,1613074940,52.1,-9.7833,75,81,39.2,19.57
Durango,MX,1613074652,24.8333,-104.8333,0,22,64.96,7.23
Tabas,IR,1613074941,33.5959,56.9244,0,24,53.6,6.91
Esperance,AU,1613074941,-33.8667,121.9,90,72,59.0,4.61
Staunton,US,1613074762,38.1496,-79.0717,90,93,33.8,5.75
Thai Nguyen,VN,1613074941,21.5928,105.8442,40,82,64.4,5.75
Belmonte,BR,1613074942,-15.8631,-38.8828,20,66,86.0,3.44
Mayna,RU,1613074942,54.1135,47.6231,85,96,5.4,6.53
Zhigansk,RU,1613074942,66.7697,123.3711,96,90,-10.28,2.66
Bundaberg,AU,1613074942,-24.85,152.35,40,88,70.0,5.75
Abu Samrah,SY,1613074942,35.3029,37.1841,0,58,55.54,7.18
Petrolina,BR,1613074943,-9.3986,-40.5008,40,38,93.2,11.5
Kumul,CN,1613074742,42.8,93.45,40,82,28.96,3.56
Helong,CN,1613074943,42.5397,128.9972,57,84,27.84,5.99
Broome,US,1613074943,42.2506,-75.833,90,63,26.01,9.22
Vestmannaeyjar,IS,1613074943,63.4427,-20.2734,100,72,41.5,31.72
Lorengau,PG,1613074944,-2.0226,147.2712,97,76,80.8,5.88
Capâo Bonito,BR,1613074944,-24.0058,-48.3494,100,93,70.63,5.53
Ancud,CL,1613074944,-41.8697,-73.8203,75,82,64.99,9.22
Tarko-Sale,RU,1613074865,64.9225,77.785,74,84,-34.01,4.68
Swan Hill,AU,1613074944,-35.3378,143.5544,100,70,71.2,4.05
Ishigaki,JP,1613074945,24.3448,124.1572,42,81,69.37,27.11
Goderich,CA,1613074945,43.7501,-81.7165,100,73,17.6,6.91
Fairbanks,US,1613074945,64.8378,-147.7164,40,85,12.0,2.13
Capitán Bado,PY,1613074945,-23.2667,-55.5333,100,70,77.7,4.54
Carnarvon,AU,1613074945,-24.8667,113.6333,75,83,73.4,18.41
Hennebont,FR,1613074946,47.8051,-3.2734,90,93,30.99,18.41
Santa Maria,BR,1613074893,-29.6842,-53.8069,75,83,69.8,17.27
Cayenne,GF,1613074946,4.9333,-52.3333,75,94,78.8,6.91
Port-Gentil,GA,1613074946,-0.7193,8.7815,20,84,84.2,10.36
Mont-Dore,NC,1613074946,-22.2833,166.5833,67,99,78.01,3.13
Havøysund,NO,1613074947,70.9963,24.6622,75,69,28.4,9.22
Lødingen,NO,1613074947,68.414,15.9951,75,93,30.99,2.3
Wufeng,CN,1613074947,27.45,104.8333,100,100,39.09,2.82
Santa Catalina,PH,1613074686,9.3337,122.8637,97,81,77.32,3.11
Yanam,IN,1613074948,16.7333,82.2167,84,80,66.49,1.03
Edson,CA,1613074948,53.5835,-116.4356,90,58,-13.0,13.8
Rio Claro,BR,1613074948,-22.4114,-47.5614,100,81,73.0,1.01
Alappuzha,IN,1613074948,9.49,76.3264,0,81,74.52,7.18
Camaná,PE,1613074949,-16.6228,-72.7111,100,64,76.17,7.87
Acapulco de Juárez,MX,1613074842,16.8634,-99.8901,1,69,82.4,12.66
Jussara,BR,1613074949,-23.6214,-52.4694,40,61,78.8,8.05
Ust-Nera,RU,1613074949,64.5667,143.2,100,82,1.17,0.18
Bajil,YE,1613074949,15.0584,43.2851,22,58,79.75,2.93
Hall,US,1613074950,34.3168,-83.7832,90,94,57.99,3.44
Nago,JP,1613074950,26.5881,127.9761,75,82,64.4,24.16
Bac Lieu,VN,1613074950,9.285,105.7244,30,85,74.1,9.86
Nokaneng,BW,1613074950,-19.6667,22.2667,100,91,67.98,3.15
Salym,RU,1613074950,60.0625,71.4789,0,86,-25.78,3.98
Nayoro,JP,1613074932,44.3506,142.4578,52,93,12.0,0.63
Cockenzie,GB,1613074951,55.9682,-2.9656,0,93,27.0,1.14
Port Hedland,AU,1613074951,-20.3167,118.5667,90,83,80.6,5.75
Ponta do Sol,PT,1613074951,32.6667,-17.1,67,65,62.01,3.0
Codrington,AU,1613074951,-38.2667,141.9667,93,70,61.41,10.76
Padang,ID,1613074952,-0.9492,100.3543,20,83,75.2,2.3
Santa Isabel Rio Negro,BR,1613074952,-0.4139,-65.0192,100,46,92.3,4.74
Labuhan,ID,1613074952,-6.8844,112.2051,99,87,76.86,7.72
Korla,CN,1613074952,41.7597,86.1469,99,85,31.82,2.26
Baijiantan,CN,1613074953,45.6333,85.1833,100,85,17.92,2.37
Coyhaique,CL,1613074953,-45.5752,-72.0662,20,35,69.8,10.36
Kamenka,RU,1613074953,51.3223,42.7678,89,97,13.46,0.92
Aykhal,RU,1613074953,66.0,111.5,7,85,-22.05,4.36
Roald,NO,1613074953,62.5833,6.1333,0,54,23.0,13.8
Chabahar,IR,1613074954,25.2919,60.643,0,49,70.21,4.56
San Julián,MX,1613074954,21.0167,-102.1667,0,19,71.74,14.34
Bull Savanna,JM,1613074954,17.8868,-77.5902,9,66,79.95,16.33
Ginir,ET,1613074954,7.1333,40.7,72,32,61.77,2.77
Ust-Tsilma,RU,1613074954,65.441,52.1498,86,89,-14.03,1.72
Mbabane,SZ,1613074955,-26.3167,31.1333,67,100,62.71,3.0
Luanshya,ZM,1613074955,-13.1367,28.4166,100,92,66.0,7.0
Xining,CN,1613074955,36.6167,101.7667,0,80,28.78,1.92
Begoro,GH,1613074955,6.3871,-0.3774,2,77,78.37,7.49
Cabra,ES,1613074955,37.4725,-4.4421,0,94,57.2,2.08
Gulariyā,NP,1613074956,28.2333,81.3333,99,48,58.62,2.13
Nikolskoye,RU,1613074956,59.7035,30.7861,90,85,8.01,8.95
San Andrés,CO,1613074956,12.5847,-81.7006,20,66,86.0,9.22
Paradise,US,1613074804,36.0972,-115.1467,75,24,68.0,6.91
North Platte,US,1613074957,41.1239,-100.7654,90,66,6.8,11.5
Celestún,MX,1613074957,20.8667,-90.4,0,58,83.95,8.14
Chiang Klang,TH,1613074957,19.2938,100.8617,0,57,63.84,1.45
Mabay,PH,1613074957,6.0577,124.4666,100,76,79.41,3.0
Kuytun,RU,1613074957,54.3419,101.5036,100,90,-7.29,6.73
Antofagasta,CL,1613074772,-23.65,-70.4,20,64,73.4,14.97
Hamilton,US,1613074958,39.1834,-84.5333,90,59,26.6,9.22
Victor Harbor,AU,1613074958,-35.5667,138.6167,49,86,61.0,1.01
Okhotsk,RU,1613074958,59.3833,143.3,100,89,14.58,8.55
Asău,RO,1613074958,46.4333,26.4,100,71,25.0,0.45
Batagay,RU,1613074958,67.6333,134.6333,5,84,-12.64,1.61
Örnsköldsvik,SE,1613074959,63.2909,18.7153,90,93,19.4,12.66
Narsaq,GL,1613074959,60.9167,-46.05,75,25,37.4,39.12
Dwārka,IN,1613074959,22.2394,68.9678,0,72,69.71,5.37
León,MX,1613074807,21.1167,-101.6667,20,11,75.2,13.8
Marawi,PH,1613074960,7.9986,124.2928,49,91,75.0,4.0
Rocha,UY,1613074960,-34.4833,-54.3333,100,89,70.93,11.56
Ibaiti,BR,1613074960,-23.8486,-50.1878,100,99,69.01,1.99
Saint-Louis,SN,1613074960,16.3333,-15.0,0,22,87.8,2.3
Alta Gracia,AR,1613074960,-31.6529,-64.4283,75,73,82.0,6.91
São João da Barra,BR,1613074961,-21.6403,-41.0511,40,73,78.8,16.11
Hambantota,LK,1613074961,6.1241,81.1185,85,77,73.29,11.83
Calvinia,ZA,1613074961,-31.4707,19.776,100,54,72.57,4.14
Bambanglipuro,ID,1613074961,-7.95,110.2833,89,82,77.32,4.85
Lakatoro,VU,1613074961,-16.0999,167.4164,58,75,80.46,3.58
Tsuruoka,JP,1613074962,38.7217,139.8217,17,83,34.39,1.25
Vila Franca do Campo,PT,1613074962,37.7167,-25.4333,20,82,61.0,23.02
Mayumba,GA,1613074962,-3.432,10.6554,100,86,79.66,7.94
Marsh Harbour,BS,1613074962,26.5412,-77.0636,26,76,74.89,11.77
Parnamirim,BR,1613074663,-5.9156,-35.2628,40,74,84.2,20.71
Sunrise Manor,US,1613074963,36.2111,-115.0731,1,24,68.0,3.44
Fare,PF,1613074963,-16.7,-151.0167,1,68,82.44,14.83
Harare,ZW,1613074963,-17.8294,31.0539,91,82,66.0,4.0
Kula,TR,1613074964,38.5473,28.6498,55,63,48.81,13.6
Taldan,RU,1613074964,53.6667,124.8,100,97,15.73,13.62
Disna,BY,1613074964,55.568,28.1971,100,94,6.84,10.25
Sungai Penuh,ID,1613074964,-2.0833,101.3833,87,94,64.71,1.92
Meulaboh,ID,1613074964,4.1363,96.1285,31,85,78.13,4.09
Dingle,PH,1613074964,10.9995,122.6711,94,89,75.85,1.92
Vanino,RU,1613074965,49.0869,140.2543,0,90,6.84,3.36
Pápa,HU,1613074965,47.33,17.4674,75,68,23.0,16.11
Abu Dhabi,AE,1613074965,24.4667,54.3667,0,83,69.8,2.3
Magistral'nyy,RU,1613074965,56.1725,107.4458,100,90,-0.56,6.82
Zyryanka,RU,1613074966,65.75,150.85,59,87,-20.34,6.02
Las Lomas,PA,1613074854,8.4333,-82.4,99,53,87.67,11.01
Mae Ramat,TH,1613074966,16.984,98.5166,0,58,63.55,1.32
‘Ewa Beach,US,1613074966,21.3156,-158.0072,1,53,77.0,8.05
Karligan,PH,1613074966,14.975,122.0456,2,87,76.93,8.9
Fonte Boa,BR,1613074967,-2.4959,-66.2662,52,47,91.53,4.29
Makakilo City,US,1613074967,21.3469,-158.0858,1,53,77.0,8.05
Margate,GB,1613074967,51.3813,1.3862,72,60,33.01,4.0
Tegul'det,RU,1613074870,57.3064,88.1667,100,87,-12.89,9.78
Coquimbo,CL,1613074968,-29.9533,-71.3436,0,60,71.6,12.66
Nantucket,US,1613074893,41.2835,-70.0995,40,69,28.99,10.36
Bagdarin,RU,1613074968,54.4333,113.6,100,89,2.23,6.29
Naze,JP,1613074968,28.3667,129.4833,80,88,58.5,30.11
Olinda,BR,1613074969,-8.0089,-34.8553,40,61,82.4,14.97
High Level,CA,1613074969,58.5169,-117.136,90,77,-13.0,3.44
Mayor Pablo Lagerenza,PY,1613074969,-19.9309,-60.7718,100,79,72.39,3.36
Pitimbu,BR,1613074969,-7.4706,-34.8086,20,74,82.4,18.41
Bereda,ES,1613074969,43.2686,-7.5406,100,100,54.0,3.0
Viedma,AR,1613074970,-40.8135,-62.9967,0,35,88.0,4.0
Yamada,JP,1613074970,39.4667,141.95,0,89,27.18,4.94
Kismayo,SO,1613074970,-0.3582,42.5454,0,82,77.22,14.94
Huarmey,PE,1613074970,-10.0681,-78.1522,3,59,79.07,11.16
Guerrero Negro,MX,1613074970,27.9769,-114.0611,0,57,66.09,10.76
Puerto del Rosario,ES,1613074890,28.5004,-13.8627,40,68,66.2,8.05
Pertuis,FR,1613074971,43.6925,5.5028,0,56,41.0,3.44
Muzhi,RU,1613074971,65.3667,64.6667,94,83,-19.79,3.06
Sibolga,ID,1613074971,1.7427,98.7792,82,82,76.96,3.11
Betafo,MG,1613074971,-19.8333,46.85,100,90,60.13,7.56
Baharly,TM,1613074688,38.4362,57.4316,0,57,52.11,1.28
Wichita Falls,US,1613074809,33.9137,-98.4934,75,63,26.6,13.8
Posse,BR,1613074972,-14.0931,-46.3694,69,78,78.28,3.47
Qaqortoq,GL,1613074972,60.7167,-46.0333,75,25,37.4,39.12
Gilgit,PK,1613074972,35.9221,74.3087,0,60,34.77,3.38
Nouadhibou,MR,1613074972,20.931,-17.0347,0,46,73.4,19.57
Kirakira,SB,1613074973,-10.4544,161.9205,89,82,80.51,7.4
Piopio,NZ,1613074973,-38.4667,175.0167,1,74,56.08,2.51
Faya,SA,1613074973,18.3851,42.4509,0,94,57.2,0.94
Dalianwan,CN,1613074973,39.0286,121.695,40,93,35.6,4.47
Mlonggo,ID,1613074974,-6.5333,110.7,80,87,78.4,7.36
Merauke,ID,1613074974,-8.4667,140.3333,100,90,77.54,7.45
Matamoros,MX,1613074974,25.5333,-103.25,1,13,77.0,9.22
Inhambane,MZ,1613074974,-23.865,35.3833,80,86,79.72,12.88
Aasiaat,GL,1613074975,68.7098,-52.8699,82,93,-0.6,15.55
Vaitape,PF,1613074975,-16.5167,-151.75,0,72,81.86,16.28
Adoni,IN,1613074975,15.6333,77.2833,95,57,67.91,11.05
Kuusamo,FI,1613074976,65.9667,29.1833,75,84,-4.0,1.14
Palmares do Sul,BR,1613074976,-30.2578,-50.5097,97,67,78.24,16.24
Hay River,CA,1613074820,60.8156,-115.7999,96,71,-7.6,17.27
Ternate,ID,1613074976,0.8,127.4,33,81,80.96,5.12
San Quintín,MX,1613074976,30.4833,-115.95,0,64,63.01,9.26
Vanimo,PG,1613074977,-2.6741,141.3028,99,81,78.01,3.36
Broken Hill,AU,1613074977,-31.95,141.4333,90,32,80.6,13.8
Darovskoy,RU,1613074977,58.77,47.9564,100,93,0.32,7.34
Porosozero,RU,1613074977,62.7191,32.727,2,92,-5.6,3.11
Nelson Bay,AU,1613074978,-32.7167,152.15,0,82,64.0,5.75
Helena,US,1613074767,46.5927,-112.0361,90,59,-9.0,10.36
Pangkalanbuun,ID,1613074978,-2.6833,111.6167,99,94,74.07,2.59
Hobyo,SO,1613074978,5.3505,48.5268,100,74,77.11,17.11
Lokomotivnyy,RU,1613074978,53.0118,60.5684,88,94,0.25,4.7
Talcahuano,CL,1613074979,-36.7167,-73.1167,90,88,62.6,9.22
Galle,LK,1613074979,6.0367,80.217,99,82,75.42,1.25
Kupang,ID,1613074979,-10.1667,123.5833,34,80,78.93,3.27
Luganville,VU,1613074979,-15.5333,167.1667,53,80,78.98,2.24
Oktyabr'skoye,RU,1613074980,43.0645,44.7417,0,93,32.0,8.95
Omsukchan,RU,1613074980,62.5333,155.8,34,89,-6.18,5.32
Korem,ET,1613074980,12.5058,39.5228,71,61,51.89,3.53
Yakeshi,CN,1613074980,49.2833,120.7333,100,93,11.19,23.2
Montmagny,FR,1613074980,48.9734,2.3469,0,69,30.0,12.66
Birin,NP,1613074980,26.8865,88.0718,0,70,48.6,4.0
Peniche,PT,1613074981,39.3558,-9.3811,100,92,59.0,15.99
Uruana,BR,1613074981,-15.4981,-49.6875,54,75,80.44,1.05
Eina,NO,1613074981,60.6295,10.5993,0,66,8.6,8.05
Letnyaya Stavka,RU,1613074982,45.4306,43.4472,23,83,44.76,9.28
Arrecife,ES,1613074919,28.963,-13.5477,20,77,64.4,6.91
Alpena,US,1613074982,45.0617,-83.4327,90,79,16.0,4.61
Geraldton,AU,1613074982,-28.7667,114.6,0,82,59.0,10.36
San Vicente,AR,1613074982,-26.6167,-54.1333,18,72,74.3,2.8
Acaraú,BR,1613074982,-2.8856,-40.12,100,73,82.74,16.37
Obukhiv,UA,1613074983,50.11,30.6227,75,86,19.4,15.66
Maputo,MZ,1613074983,-25.9653,32.5892,75,88,82.0,11.5
Taoudenni,ML,1613074983,22.6783,-3.9836,0,16,72.77,11.54
Mpongwe,ZM,1613074983,-13.5091,28.155,100,96,67.64,2.8
Genhe,CN,1613074983,50.7833,121.5167,100,95,12.15,4.68
Bukama,CD,1613074983,-9.2,25.85,100,92,72.03,0.94
Toucheng,TW,1613074984,24.8592,121.8233,75,100,66.2,5.75
Byron Bay,AU,1613074984,-28.65,153.6167,57,94,63.0,3.29
Ekhabi,RU,1613074984,53.5102,142.9671,9,96,8.01,5.53
Buin,CL,1613074984,-33.7333,-70.75,40,64,75.0,5.75
Sanbu,CN,1613074985,33.4594,119.1453,58,93,42.24,4.54
Paita,PE,1613074985,-5.0892,-81.1144,20,54,86.0,12.66
Bafoulabé,ML,1613074876,13.8065,-10.8321,91,12,89.96,4.5
Launceston,AU,1613074985,-41.45,147.1667,27,88,60.01,20.71
Anshan,CN,1613074985,41.1236,122.99,100,89,34.54,6.46
Safaga,EG,1613074830,26.7292,33.9365,0,55,66.2,3.44
Yenangyaung,MM,1613074986,20.4667,94.8833,0,35,64.69,1.66
Adrar,MR,1613074986,20.5022,-10.0711,32,16,72.46,10.31
Nemuro,JP,1613074986,43.3236,145.575,19,91,24.03,17.34
Belfast,GB,1613074986,54.5833,-5.9333,100,64,35.6,13.8
Finschhafen,PG,1613074986,-6.6024,147.8681,99,78,80.37,6.87
Myre,NO,1613074986,69.1036,15.9492,90,60,33.8,27.63
General Roca,AR,1613074987,-39.0333,-67.5833,0,33,91.4,5.75
Morón,AR,1613074987,-34.6534,-58.6198,100,65,75.99,8.01
Porbandar,IN,1613074987,21.6422,69.6093,0,60,65.44,4.16
Yerbogachën,RU,1613074987,61.2767,108.0108,1,87,-18.6,3.71
Katsuura,JP,1613074987,35.1333,140.3,0,53,44.6,9.22
Kieta,PG,1613074987,-6.2167,155.6333,100,76,79.05,3.71
Havelock,US,1613074988,34.8791,-76.9013,90,82,60.8,5.75
La Santisima Trinidad,BO,1613074755,-14.8333,-64.9,75,78,78.8,6.91
Taksimo,RU,1613074988,56.3444,114.8794,100,85,-0.42,4.45
Iquitos,PE,1613074988,-3.7481,-73.2472,75,58,91.4,6.91
Benito Juarez,MX,1613074988,19.385,-99.165,40,24,69.8,14.97
Adré,TD,1613074989,13.4667,22.2,0,25,66.94,5.95
Inyonga,TZ,1613074989,-6.7167,32.0667,100,92,65.8,3.4
Beringovskiy,RU,1613074989,63.05,179.3167,67,84,-25.1,16.33
Ardabil,IR,1613074990,38.2498,48.2933,0,61,43.05,5.75
Eldorado,BR,1613074990,-23.7869,-54.2836,68,70,79.79,2.26
Shipitsyno,RU,1613074990,61.2806,46.5208,100,92,-2.29,3.91
Cedar City,US,1613074990,37.6775,-113.0619,1,28,53.6,5.75
Yuanping,CN,1613074990,38.7153,112.7575,0,75,34.45,3.51
Amurzet,RU,1613074990,47.6967,131.0981,100,96,11.26,12.5
Monte Gordo,PT,1613074991,37.1819,-7.4523,75,100,60.8,3.44
Soe,ID,1613074991,-9.8607,124.284,45,97,66.34,2.71
